Index,Business Name,Business Industry,Business Description,Client,Gender,Location,Business Overview,How It All Started,A Typical Day,Why I Need Your Help,Client Vision,Keywords,BG Image,Avatar Image
1,Truck Stop,Café,Café specializing in American-style fast food,Jack Morrison,M,"Sydney, Australia","Truck Stop is a startup café serving authentic American-style comfort food, including burgers, fries, hot dogs, milkshakes and classic desserts. We want to create a place where people can slow down, enjoy generous meals and experience the welcoming atmosphere of the roadside diners that inspired us. Every meal is prepared fresh, with a focus on quality ingredients and friendly service.","After spending more than twenty years driving trucks across America, I found that my favourite memories weren't the destinations—they were the little roadside diners where everyone was welcomed like family. Those places had character, great food and unforgettable stories. When I decided to leave life on the road, I knew I wanted to recreate that experience for others. Truck Stop is the beginning of that dream.","Every morning starts with preparing fresh ingredients before opening our doors. Throughout the day we welcome families, office workers, road trippers and friends looking for a satisfying meal. Our kitchen is always busy, with burgers sizzling on the grill and milkshakes being made to order. Although we're just getting started, we hope every customer leaves with a smile and a reason to come back.","We're preparing to launch our very first café, but we still need a brand identity that tells our story. I want people to recognise our business before they even step inside. A memorable logo and website will help introduce Truck Stop to our local community and encourage new customers to give us a try.",I want Truck Stop to become the place people recommend whenever someone asks where to find great comfort food and genuine hospitality.,"Route 66, Americana, roadside diner, comfort food, hospitality, community, family, vintage, welcoming, generous",cafe.jpg,m1.jpg
2,Hibern8,Retail,Snow and ski apparel,Emma Collins,F,"Sydney, Australia","Hibern8 is a startup clothing brand designing ski and snow apparel for people who love exploring the mountains. Our range includes insulated jackets, snow pants, gloves, beanies and accessories that combine performance with everyday style. We want customers to feel prepared for every adventure, no matter their experience level.","I've always loved skiing and snowboarding, but I could never find clothing that balanced comfort, durability and modern style. After years on the slopes, I decided to design my own collection with products I'd genuinely enjoy wearing. Hibern8 was created for people who see winter as something to embrace rather than avoid.","Most mornings are spent testing new products, speaking with suppliers and preparing online orders. Whenever possible, I head into the mountains to see how our gear performs in real conditions. Every decision we make is guided by the idea that our products should help people enjoy winter with confidence.","As a new business, we're about to launch online but haven't developed our brand identity yet. I want customers to instantly recognise what Hibern8 stands for and feel inspired to start their next adventure the moment they visit our website.","I hope Hibern8 becomes a trusted name for people who love snow, mountains and outdoor adventure.","snow, alpine, mountains, winter, adventure, exploration, outdoors, performance, resilience, cold climate",ski shop.jpg,f1.jpg
3,SeaSides,Restaurant,Seafood restaurant,Michael Tan,M,"Sydney, Australia","SeaSides is a brand-new seafood restaurant serving freshly prepared meals using locally sourced seafood whenever possible. Our menu celebrates coastal flavours and simple cooking that lets fresh ingredients shine. We want dining with us to feel relaxed, welcoming and memorable.",Growing up near the coast meant seafood was always part of family celebrations. Some of my happiest memories were spent cooking with my parents after returning from the local fish market. Those experiences inspired me to open SeaSides and share that same appreciation for fresh seafood with others.,"Each morning begins with selecting the freshest seafood available before preparing the day's menu. Lunch brings families and tourists, while evenings are filled with couples and friends enjoying meals together. Every plate leaving our kitchen reflects our passion for fresh ingredients and friendly service.","Although we're excited to open our doors, we know that first impressions matter. We need a strong brand and website that captures the freshness of our food and encourages customers to visit us instead of simply walking past.",I want SeaSides to become the restaurant people think of whenever they want fresh seafood shared with family and friends.,"ocean, coast, waves, freshness, seafood, harbour, maritime, local catch, relaxed, waterfront",restaurant.jpg,m2.jpg
4,NightShift,Restaurant,Late-night gourmet restaurant,Sophia Nguyen,F,"Sydney, Australia","NightShift is a startup restaurant serving gourmet meals well after most restaurants have closed. We specialise in high-quality food for shift workers, travellers and anyone looking for an exceptional late-night dining experience.","After years working evening shifts, I realised how difficult it was to find somewhere serving more than fast food after midnight. I wanted to create a restaurant where people could enjoy beautifully prepared meals regardless of the time of day. That's how NightShift was born.","Our afternoons begin with preparing fresh ingredients before opening in the evening. As the city gets quieter, our restaurant comes alive with hospitality workers finishing their shifts, travellers arriving late and groups of friends looking for somewhere different to eat. Every night has its own energy, and we love being part of it.","Since we're launching a completely new concept, we need a visual identity that helps customers understand what makes us different. Our website should create curiosity and encourage people to experience dining after dark.",I want NightShift to become the city's favourite destination for unforgettable late-night dining.,"nightlife, gourmet, city, after-hours, atmosphere, sophistication, premium, modern, urban, evening",pub.jpg,f2.jpg
5,Mr Thomas,Pet Food,Organic food for cats,Thomas Greene,M,"Sydney, Australia","Mr Thomas is a startup company producing premium organic food and treats made specifically for cats. We focus on simple, natural ingredients that support healthy and happy pets without unnecessary additives or artificial flavours.","My rescue cat, Thomas, suffered from ongoing health problems, and I quickly realised how difficult it was to find food made from genuinely natural ingredients. After learning more about pet nutrition, I began developing recipes myself. What started as a way to help one cat eventually became the inspiration for an entire business.",Every day begins by carefully preparing small batches of cat food while testing new recipes and working closely with local suppliers. I spend a lot of time talking with pet owners because understanding their experiences helps me continue improving our products.,"We're preparing to introduce our products to the market, but we don't yet have a brand that reflects the care and attention behind everything we make. I need a logo and website that help build trust with pet owners from the very beginning.",I hope Mr Thomas becomes the brand cat owners choose when they want to give their pets the very best care possible.,"cats, wellbeing, organic, nutrition, natural, caring, trusted, healthy, premium, companion",pet shop.jpg,m3.jpg
6,Taylor Adams,Brewery,Hand-crafted beer,Taylor Adams,F,"Sydney, Australia","Taylor Adams is a startup craft brewery producing small-batch beers made with carefully selected ingredients. Our range includes classic lagers, pale ales, IPAs and seasonal brews, all created with a focus on quality, flavour and craftsmanship. We want people to enjoy beer that feels personal rather than mass-produced.","Brewing started as a weekend hobby with a few friends experimenting in my garage. Over time, people began asking if they could buy our beer, and what started as a passion project slowly grew into a business. I've always believed that great beer comes from patience, creativity and paying attention to every small detail, so starting my own brewery felt like the natural next step.","Most mornings begin with checking fermentation tanks, preparing ingredients and planning the next brewing schedule. Afternoons are spent tasting new recipes, meeting suppliers and packaging finished products. Every batch teaches us something new, and we're constantly refining our craft while preparing for our official launch.","As a new brewery, we know our products need a memorable identity that stands out on crowded shelves. We need branding and a website that communicate our passion for handcrafted beer while encouraging people to discover our story behind every bottle.","I want Taylor Adams to become known as a brewery that values craftsmanship, creativity and quality above everything else.","craft beer, brewery, hops, artisan, handcrafted, heritage, authentic, premium, small batch, tradition",pub.jpg,f3.jpg
7,4Paws,Pet Supplies,Pet shop,Sarah Lewis,F,"Sydney, Australia","4Paws is a startup pet store offering carefully selected food, toys, bedding and accessories for dogs, cats and small animals. Rather than stocking everything, we focus on products that are practical, durable and genuinely improve the lives of pets and their owners.","Growing up, our family home always had animals, and I quickly learnt that pets become part of the family. After years working in retail, I wanted to create a pet shop where people could receive honest advice and find products they could trust. Starting 4Paws allows me to combine my love of animals with helping other pet owners.","Every morning begins by unpacking deliveries, arranging shelves and making sure every product is ready for customers. Throughout the day I spend as much time talking with pet owners as I do selling products, because understanding their pets helps me recommend the right solutions. No two days are ever the same, and that's one of the things I enjoy most.","Since we're only just opening, we need a friendly and memorable brand that reflects our passion for animals. I want our website to make customers feel welcome and confident that they'll find products their pets will love.",I hope 4Paws becomes the first place local families think of whenever they need something for their pets.,"pets, family, companionship, care, trust, playful, happiness, loyalty, community, friendly",pet shop.jpg,f4.jpg
8,Seed,Pet Food,Organic food for birds,Daniel Foster,M,"Sydney, Australia",Seed is a startup business producing premium organic bird food for pet birds and native wildlife enthusiasts. We carefully blend natural ingredients to support healthy diets while encouraging responsible bird care and appreciation for nature.,"My interest in birds began as a child, spending weekends watching native birds with my grandfather. As I learnt more about bird nutrition, I realised there were very few high-quality organic options available. I decided to develop my own blends using natural ingredients and eventually turned that passion into Seed.","Most days begin by preparing fresh batches of bird feed and checking the quality of every ingredient before packaging. I also spend time researching different bird species and talking with customers about the birds they care for, helping me improve future products and learn more about their needs.","As a new business, we need branding that reflects our commitment to nature and healthy bird nutrition. I want our website to help people understand why choosing quality food makes a difference while introducing them to our products in a welcoming way.",I hope Seed inspires more people to care for birds while becoming a trusted name for premium bird nutrition.,"birds, nature, organic, wildlife, freedom, nutrition, growth, simplicity, healthy, environment",pet shop.jpg,m4.jpg
9,PerfectDay,Fashion,Designer wedding dresses,Isabella Rossi,F,"Sydney, Australia","PerfectDay is a startup bridal boutique creating handcrafted wedding dresses designed to celebrate one of life's most memorable occasions. Every dress is carefully made with attention to detail, allowing each bride to feel confident, comfortable and uniquely herself.","I've loved fashion and dressmaking for as long as I can remember. Designing my sister's wedding dress showed me how meaningful a handmade gown could be, and seeing her confidence on her wedding day inspired me to start my own bridal business. I wanted every bride to have that same experience.","Each day is spent sketching new ideas, selecting fabrics, meeting brides and carefully adjusting every dress to ensure the perfect fit. Every design is different because every wedding tells its own story, and I enjoy creating dresses that reflect each person's personality and style.","As we prepare to launch, we need a brand that communicates the care and craftsmanship behind every dress. Our website should help future brides feel excited, inspired and confident enough to book their first appointment with us.",I want PerfectDay to become a name that brides remember as part of one of the happiest days of their lives.,"wedding, bridal, elegance, romance, luxury, celebration, beauty, handcrafted, timeless, love",wedding dress.jpg,f5.jpg
10,The Urban Explorer,Fashion,Casual clothing for men,Ethan Brooks,M,"Sydney, Australia","The Urban Explorer is a startup clothing brand creating casual men's fashion designed for everyday city life. Our collection combines comfort, practicality and modern style, making it easy to move between work, travel and weekends without changing your wardrobe.","Living in a busy city meant I was always looking for clothing that looked smart but still felt comfortable enough for everyday life. After years of struggling to find that balance, I decided to design my own collection. The Urban Explorer was created for people who enjoy discovering new places while expressing their own personal style.","My mornings are usually spent reviewing new clothing samples, meeting manufacturers and planning future collections. Afternoons often involve photographing products, managing online orders and listening to customer feedback to improve future designs. Every decision is focused on creating clothing people genuinely enjoy wearing.","We're preparing to launch our first collection, but we need a brand identity that captures the lifestyle behind our clothing. I want customers to recognise us as more than just another fashion label—we're building a brand that celebrates confidence, curiosity and modern living.","I hope The Urban Explorer becomes the clothing brand people choose whenever they're ready for their next adventure, whether it's across the city or around the world.","city, modern, lifestyle, travel, confidence, adventure, casual, movement, versatility, exploration",cloth shop.jpg,m5.jpg
11,My Wedding Cake,Bakery,Wedding cakes,Grace Parker,F,"Sydney, Australia","My Wedding Cake is a startup bakery specialising in handcrafted wedding cakes designed to become the centrepiece of every celebration. From elegant single-tier designs to elaborate custom creations, every cake is made using premium ingredients and personalised to reflect each couple's story and style.","Baking has always been my favourite way of celebrating life's special moments. After years of creating cakes for family and friends, I realised I wanted to turn that passion into a business. Weddings are filled with unforgettable memories, and I love knowing that one of my cakes can become part of a couple's happiest day.","Every morning begins with baking fresh cake layers before carefully decorating each order by hand. Some days are spent meeting couples to discuss ideas, while others are filled with piping delicate details or delivering finished cakes to wedding venues. No two cakes are ever the same, and that's what makes every day exciting.","As a brand-new business, I need a visual identity that reflects the creativity and care behind every cake. I want my website to inspire couples, showcase my work and encourage them to book a consultation with confidence.",I want My Wedding Cake to become one of the first names couples think of when planning a wedding they'll never forget.,"wedding, cake, celebration, elegance, handcrafted, romance, creativity, sweetness, memorable, premium",cake shop.jpg,f6.jpg
12,Mr Formal,Fashion,Tuxedos and formalwear for men,Richard Evans,M,"Sydney, Australia","Mr Formal is a startup menswear boutique offering tuxedos, suits and formal accessories for weddings, graduations, business events and special occasions. We focus on helping customers look their best through quality tailoring and timeless style.","I've always believed that the right suit can completely change how someone feels about themselves. After working in menswear for several years, I wanted to create a store where choosing formal clothing felt comfortable instead of intimidating. That's how Mr Formal came to life.","Most mornings begin by preparing new arrivals and organising fittings with customers. Throughout the day I help people choose suits that match their event, making adjustments where needed to ensure every customer leaves feeling confident and comfortable. Seeing someone's confidence grow after finding the perfect outfit is the most rewarding part of my job.","Since we're preparing to open, we need branding that reflects professionalism without feeling old-fashioned. I want our website to make formalwear feel approachable while showing customers that quality and attention to detail matter.",I hope Mr Formal becomes the trusted destination for people celebrating life's biggest milestones.,"tailoring, confidence, sophistication, professionalism, elegance, luxury, classic, timeless, formalwear, refinement",formal wear.jpg,m6.jpg
13,Dino,Toys & Gifts,Dinosaur merchandise for children,Lucy Morgan,F,"Sydney, Australia","Dino is a startup brand creating dinosaur-themed toys, clothing, books and gifts for children who love adventure and discovery. Our products are designed to inspire imagination while making learning about prehistoric life fun and exciting.","As a primary school teacher, I noticed how fascinated children were whenever dinosaurs appeared in a lesson. I wanted to create products that encouraged curiosity beyond the classroom while making learning feel like play. That idea eventually grew into Dino.","Every day is filled with sketching new product ideas, testing toys, reviewing illustrations and working with suppliers to create exciting merchandise. I also spend time speaking with parents and teachers to better understand what inspires children's creativity and imagination.","We're launching our very first product range and need branding that immediately captures the excitement and adventure our products offer. Our website should encourage children and parents to explore, learn and have fun together.",I want Dino to become a brand that inspires curiosity and makes learning an exciting adventure for every child.,"dinosaurs, adventure, discovery, imagination, children, education, prehistoric, fun, exploration, creativity",dino shop.jpg,f7.jpg
14,Butterfly Garden,Home & Garden,Decorative plant pots,Chloe Bennett,F,"Sydney, Australia","The Butterfly Garden is a startup home and garden business creating handcrafted decorative plant pots inspired by flowers, butterflies and the beauty of nature. Each pot is individually designed to help people bring a little more life and colour into their homes and gardens.","Gardening has always been my favourite way to relax after a busy week. While learning pottery as a hobby, I began making decorative pots for my own plants, and friends soon started asking if they could buy them too. Before long, I realised I could combine both passions into a business that celebrates creativity and nature.","Most mornings begin in my workshop shaping clay before painting each pot by hand. Afternoons are spent caring for my garden, experimenting with new designs and photographing finished products ready for sale. Every new plant and flower I discover inspires another idea for my next collection.","As I'm preparing to launch my business, I need branding that reflects the peaceful and creative spirit behind my products. I want my website to encourage people to imagine how these handmade pieces could brighten their own homes and gardens.","I hope The Butterfly Garden becomes a brand people associate with creativity, nature and beautifully handcrafted home décor.","butterflies, flowers, gardening, botanical, nature, handmade, creativity, peaceful, growth, home décor",gardening.jpg,f8.jpg
15,Unbreakable,Homewares,Plastic dinnerware and cutlery,David Wilson,M,"Sydney, Australia","Unbreakable is a startup company producing durable reusable dinnerware and cutlery designed for families, outdoor dining, camping and everyday living. Our products are lightweight, practical and built to withstand years of regular use without sacrificing style.","The idea came after watching my young children accidentally break another set of dinner plates during a family barbecue. Instead of buying replacements again, I started looking for stronger alternatives that still looked great on the table. When I couldn't find exactly what I wanted, I decided to create them myself.","My days are spent reviewing product designs, testing new materials and making sure every item meets our quality standards before production begins. I also enjoy talking with families and outdoor enthusiasts to learn how our products fit into their everyday lives and where we can continue improving them.","We're almost ready to introduce our first product range, but we need branding that reflects both durability and modern living. Our website should help customers understand that practical products can still look stylish and become part of everyday family life.",I want Unbreakable to become the brand people trust whenever they need tableware that's made to last.,"durability, strength, reliability, practical, reusable, family, outdoor living, resilience, modern, everyday",homeware.jpg,m7.jpg
16,Pretty Ones,Fashion,Clothing and accessories for teenage girls,Jessica Hall,F,"Sydney, Australia","The Pretty Ones is a startup fashion brand creating stylish clothing and accessories for teenage girls who love expressing their personalities through what they wear. Our collections are designed to be fashionable, affordable and easy to mix and match, helping customers feel confident whether they're at school, shopping with friends or celebrating special occasions.","Fashion has always been my way of expressing creativity. Growing up, I loved putting together outfits that reflected my personality, but it wasn't always easy to find trendy clothing that was affordable. I decided to create a brand that helps young people feel confident and comfortable without having to compromise on style or individuality.","Every day begins with reviewing fashion trends, sketching new collections and selecting fabrics for upcoming designs. Afternoons are spent photographing products, creating outfit combinations and preparing online orders. Social media also plays a big part in connecting with customers and discovering what styles they're excited to see next.","Since we're launching our very first collection, we need branding that captures the excitement and personality of our clothing. I want our website to inspire visitors, showcase complete outfit ideas and make shopping feel fun and effortless.",I hope The Pretty Ones becomes a fashion brand that encourages young people to express themselves with confidence and creativity.,"fashion, youth, confidence, trends, style, expression, colourful, individuality, social, modern",cloth shop.jpg,f9.jpg
17,FruitLoops,Beverage,Fresh fruit juice,Olivia Chen,F,"Sydney, Australia","FruitLoops is a startup juice bar serving freshly made fruit juices, smoothies and healthy drinks prepared from quality ingredients. Every drink is made to order using fresh fruit, with a focus on providing refreshing flavours that fit into an active and healthy lifestyle.","I've always believed that healthy food should be enjoyable rather than boring. After experimenting with different fruit combinations at home, friends kept asking where they could buy my juices. That inspired me to turn a simple hobby into a business that helps people enjoy fresh, natural drinks every day.","Each morning starts before sunrise at the local fruit market, selecting the freshest produce available. Once the shop opens, every order is blended fresh while customers watch. Throughout the day we're constantly preparing fruit, experimenting with seasonal flavours and chatting with customers about their favourites.","As a new business, we need branding that reflects the freshness and energy behind every drink we serve. I want our website to make people feel refreshed before they've even taken their first sip and encourage them to visit us.",I hope FruitLoops becomes the first place people think of whenever they want a delicious and refreshing healthy drink.,"freshness, fruit, healthy, vibrant, energy, refreshing, natural, wellbeing, colourful, active lifestyle",juice shop.jpg,f10.jpg
18,Orange Apple,Grocery,Fruit shop,Ben Carter,M,"Sydney, Australia","Orange Apple is a startup fruit shop offering fresh seasonal fruit sourced from local growers whenever possible. We carefully select produce based on quality and freshness, giving customers access to delicious fruit while supporting nearby farming communities.","My grandparents owned a small orchard, and some of my favourite childhood memories were spent picking fruit straight from the trees. Those experiences taught me to appreciate fresh produce and the hard work of local farmers. Opening Orange Apple is my way of sharing that appreciation with others while supporting the growers who make it possible.","Every morning begins by collecting fresh deliveries from local suppliers before carefully arranging the fruit to showcase its colour and freshness. Throughout the day I enjoy helping customers choose seasonal produce, introducing them to new varieties and sharing simple ideas for enjoying fresh fruit at home.","Since we're just opening our doors, we need a brand identity that communicates freshness, quality and our connection with local farmers. I want our website to encourage customers to shop locally and discover the variety of produce we offer throughout the year.",I hope Orange Apple becomes the neighbourhood fruit shop people trust for fresh produce and friendly service.,"orchard, farm, freshness, seasonal, local growers, healthy, community, natural, produce, quality",fruit shop.jpg,m8.jpg
19,Sunlover,Fashion Accessories,Sunglasses,Mia Roberts,F,"Sydney, Australia","Sunlover is a startup eyewear brand designing stylish sunglasses for people who enjoy spending time outdoors. Our collection combines everyday comfort with quality lenses and modern designs, making them suitable for everything from relaxing at the beach to exploring new destinations.","Living near the coast meant I spent almost every weekend outdoors, but I struggled to find sunglasses that balanced comfort, durability and style. After years of searching, I decided to create my own collection inspired by the Australian lifestyle and the sunshine that brings so many people outside.","Most mornings are spent reviewing new frame designs, testing materials and working with manufacturers to ensure every pair meets our quality standards. Afternoons often involve photographing products outdoors, preparing online orders and planning future collections inspired by travel and coastal living.","As a startup brand, we need a visual identity that immediately reflects the lifestyle our products represent. I want our website to inspire customers to get outside, enjoy the sunshine and see our sunglasses as an essential part of every adventure.",I hope Sunlover becomes a recognised lifestyle brand that reminds people to enjoy every sunny day to the fullest.,"sunshine, beach, summer, outdoors, lifestyle, travel, freedom, fashion, protection, coastal",sunglasses.jpg,f11.jpg
20,Taste of Tuscany,Restaurant,Italian restaurant,Marco Bianchi,M,"Sydney, Australia","Taste of Tuscany is a startup Italian restaurant serving handmade pasta, wood-fired pizza and traditional family recipes inspired by the Tuscany region of Italy. Every meal is prepared using fresh ingredients to create an authentic dining experience that brings people together around the table.",I grew up watching my grandparents cook traditional Italian meals where family and friends would gather for hours to share food and conversation. Those memories inspired me to open a restaurant that celebrates not only authentic Italian cooking but also the warmth and hospitality that make every meal feel special.,"Every morning begins with preparing fresh pasta, pizza dough and sauces using recipes that have been passed down through generations. As guests arrive throughout the day, our kitchen fills with the aroma of herbs, garlic and freshly baked bread while families and friends gather to enjoy meals together.","As we prepare for our grand opening, we need branding that reflects the authenticity, warmth and tradition behind our restaurant. I want our website to make people feel welcome before they even walk through our doors and encourage them to share memorable meals with the people they care about.",I hope Taste of Tuscany becomes a place where people create lasting memories while enjoying authentic Italian food and genuine hospitality.,"Italy, Tuscany, family, tradition, authentic, hospitality, rustic, warmth, handmade, heritage",restaurant.jpg,m9.jpg
21,Harvest,Restaurant,Vegetarian restaurant,Priya Singh,F,"Sydney, Australia","The Harvest is a startup vegetarian restaurant serving fresh, seasonal meals made from locally sourced produce whenever possible. Our menu celebrates vegetables, grains and natural ingredients, creating dishes that are both nourishing and full of flavour. We want to show that healthy eating can be exciting, satisfying and enjoyable for everyone.","For years I loved cooking with vegetables from my own garden, and friends often commented that my meals completely changed the way they thought about vegetarian food. That inspired me to create a restaurant where fresh ingredients are the hero of every dish. My goal is to encourage more people to enjoy healthy food without feeling like they're making a compromise.","Every morning begins by collecting fresh produce and planning the day's specials based on what's in season. Our kitchen is always busy preparing ingredients from scratch, while customers enjoy relaxed meals with friends, family or colleagues. We love introducing guests to new flavours and showing them how delicious simple ingredients can be.","As a brand-new restaurant, we need a visual identity that reflects the freshness and care behind everything we prepare. I want our website to introduce our philosophy, showcase our menu and encourage people to discover just how enjoyable vegetarian food can be.","I hope The Harvest becomes the place people think of when they want fresh, wholesome meals made with care and quality ingredients.","vegetables, fresh, seasonal, organic, healthy, sustainability, local produce, nature, wholesome, community",restaurant.jpg,f12.jpg
22,Departure,Travel Goods,Travel luggage and accessories,Nathan Cooper,M,"Sydney, Australia","Departure is a startup travel brand designing durable luggage, backpacks and travel accessories for people who enjoy exploring new places. Our products combine thoughtful organisation, reliable construction and modern design to make travelling simpler and more enjoyable.","I've always loved travelling, but after dealing with broken luggage and poorly designed travel bags, I realised there was room for something better. I wanted to create products that travellers could rely on whether they were taking a weekend getaway or an overseas adventure. That idea became the foundation of Departure.","Most days begin by reviewing product designs, testing materials and working with manufacturers to improve functionality and durability. I also spend time speaking with travellers to understand the challenges they face so we can continue designing products that genuinely make travelling easier.","As we're preparing to launch our first collection, we need branding that reflects adventure, reliability and thoughtful design. I want our website to inspire customers to plan their next journey while feeling confident that our products will travel with them for years to come.",I hope Departure becomes a trusted travel brand that people choose whenever they're ready for their next adventure.,"travel, luggage, adventure, exploration, journeys, reliability, organisation, movement, discovery, freedom",luggage.jpg,m10.jpg
23,BladeRunner,Sporting Goods,Skateboards and rollerblades,Alex Kim,M,"Sydney, Australia","BladeRunner is a startup sporting goods brand offering skateboards, rollerblades, helmets and protective gear for riders of all skill levels. We believe everyone should have access to quality equipment that encourages confidence, creativity and an active lifestyle.","I started skateboarding when I was twelve, and it quickly became more than just a hobby—it became part of who I am. After years of riding and helping friends choose equipment, I wanted to create a business that supported both beginners and experienced riders with products they could trust. BladeRunner was built by skaters, for skaters.","Every day begins by checking new equipment, testing products and preparing customer orders. When I'm not in the workshop, you'll usually find me at the local skate park talking with riders, watching new tricks and learning what products people would like to see next. The skating community inspires everything we do.","As a new business, we need branding that captures the excitement, freedom and creativity of skating culture. I want our website to feel energetic and welcoming while encouraging more people to discover the sport and become part of the community.","I hope BladeRunner becomes a brand that inspires people to challenge themselves, stay active and enjoy every ride.","skateboarding, rollerblading, speed, motion, youth, freedom, street culture, action, adventure, community",skateboards.jpg,m11.jpg
24,Lightworkers Way,Home Lighting,Light fittings and lamps,Rebecca White,F,"Sydney, Australia","The Lightworkers Way is a startup home lighting brand creating lamps and light fittings that combine practical function with thoughtful design. Our products are made to enhance homes, workplaces and living spaces by creating comfortable, welcoming environments through quality lighting.","I've always been fascinated by how lighting can completely change the atmosphere of a room. While renovating my own home, I realised it was surprisingly difficult to find lighting that balanced modern design with everyday practicality. That experience inspired me to start a business focused on creating beautiful lighting for real homes.","Most mornings begin by reviewing product prototypes, experimenting with different lighting effects and working with manufacturers to refine each design. Afternoons are often spent photographing products in home settings and planning future collections inspired by contemporary interior design.","As we're preparing to launch, we need branding that communicates quality, warmth and thoughtful design. I want our website to help customers imagine how the right lighting can transform the spaces where they live and work.",I hope The Lightworkers Way becomes a trusted brand for people who believe great lighting can completely change the way a space feels.,"lighting, illumination, home, warmth, Scandinavian, minimal, contemporary, design, interiors, comfort",home deco.jpg,f13.jpg
25,White Rose,Florist,Fresh flowers for gift arrangements,Amelia Scott,F,"Sydney, Australia","White Rose is a startup florist creating fresh flower arrangements, bouquets and gift packages for birthdays, weddings, celebrations and everyday occasions. Every arrangement is carefully handcrafted using seasonal flowers to help customers express emotions through beautiful floral designs.","Flowers have always been part of my life because my parents owned a small garden where we grew many of the blooms used in local markets. I loved seeing how a simple bouquet could brighten someone's day, and that inspired me to open my own florist where every arrangement is made with care and attention to detail.","Every morning starts early at the flower market, selecting the freshest blooms before returning to prepare custom bouquets and floral arrangements. Throughout the day I help customers choose flowers that suit different occasions while creating designs that celebrate life's happiest moments and offer comfort during difficult ones.","Since we're opening our first store, we need branding that reflects the beauty, freshness and personal care behind every arrangement. I want our website to make customers feel inspired while making it easy to choose flowers for every occasion.","I hope White Rose becomes the florist people trust whenever they want to celebrate, comfort or simply brighten someone's day with flowers.","flowers, floral, nature, romance, beauty, elegance, celebration, gifts, freshness, handcrafted",florist shop.jpg,f14.jpg
26,Drummer Boy,Music Store,Drum kits and musical instruments,Liam Turner,M,"Sydney, Australia","Drummer Boy is a startup music store specialising in drum kits, percussion instruments and accessories for musicians of all ages and experience levels. Alongside drums, we also stock a carefully selected range of musical instruments and equipment to help beginners and experienced performers enjoy making music.","Music has always been a huge part of my life. I started playing the drums in high school, and over the years I performed with several local bands. I realised many new musicians struggled to find a welcoming store where they could ask questions and receive honest advice, so I decided to create a place where anyone could discover the joy of playing music.","Most mornings begin by tuning display drum kits, checking new instrument deliveries and setting up demonstration areas. Throughout the day I help customers compare instruments, recommend equipment and occasionally join them for an impromptu jam session. There's always music playing somewhere in the shop, creating an energetic and creative atmosphere.","As we're preparing to open, we need branding that reflects both our passion for music and our welcoming approach to helping musicians grow. I want our website to inspire visitors to explore music, discover new instruments and feel excited about learning something new.",I hope Drummer Boy becomes the music store people remember not only for great instruments but for encouraging every customer to keep playing and improving.,"music, drums, rhythm, creativity, performance, instruments, sound, passion, community, energy",instruments.jpg,m12.jpg
27,Shadowland,Bar,Cocktail bar,Victor Cruz,M,"Sydney, Australia","Shadowland is a startup cocktail bar specialising in handcrafted cocktails, premium spirits and carefully prepared bar snacks served in a stylish evening atmosphere. Every drink is created with attention to detail, combining classic recipes with modern creativity to offer guests a memorable night out.","I've always been fascinated by the atmosphere of hidden cocktail bars where every detail—from the lighting to the music—creates a unique experience. After working as a bartender for several years, I decided to open my own venue where people could relax, celebrate and enjoy expertly crafted drinks in an unforgettable setting.","Every afternoon begins with preparing fresh garnishes, organising the bar and experimenting with new cocktail recipes before opening for the evening. As the night progresses, the venue comes alive with conversations, celebrations and carefully mixed drinks, creating an atmosphere that's both sophisticated and welcoming.","As a brand-new venue, we need branding that captures the unique atmosphere we're creating while encouraging people to experience something different from an ordinary night out. Our website should build curiosity and excitement before guests even arrive.","I hope Shadowland becomes one of the city's most memorable places for people to celebrate, socialise and enjoy exceptional cocktails.","cocktails, nightlife, mystery, ambience, elegance, premium, speakeasy, sophisticated, city, evening",bar.jpg,m13.jpg
28,Umbrella Man,Fashion Accessories,Umbrellas for men,George Mitchell,M,"Sydney, Australia","Umbrella Man is a startup brand designing premium umbrellas for men that combine durability, practicality and timeless style. Our collection is built for everyday use, offering dependable protection from the weather while maintaining a refined appearance suitable for both work and leisure.",The idea came after replacing yet another cheaply made umbrella that broke during a storm. I realised that something people use so often deserved better design and better quality. I wanted to create umbrellas that people could rely on for years rather than replacing every winter.,"My days are spent reviewing product designs, testing materials in different weather conditions and working with manufacturers to improve durability. I also spend time gathering customer feedback because even small improvements can make a product people use every day much more enjoyable.","As we're introducing our first product range, we need branding that communicates quality, reliability and classic style. I want our website to show customers that everyday essentials can still be beautifully designed and built to last.",I hope Umbrella Man becomes the trusted brand people choose whenever they want dependable products that combine function with timeless design.,"rain, protection, durability, classic, craftsmanship, reliability, style, premium, everyday, timeless",umbrellas.jpg,m14.jpg
29,Everlasting,Jewellery,Wedding and engagement rings,Hannah Brooks,F,"Sydney, Australia",Everlasting is a startup jewellery studio specialising in handcrafted engagement rings and wedding bands designed to celebrate life's most meaningful moments. Every piece is carefully created using quality materials and personalised details that make each ring as unique as the couple wearing it.,"Jewellery has always been part of my family's story, and I grew up watching skilled jewellers transform precious metals into symbols of love and commitment. Inspired by those experiences, I decided to start my own studio where every ring is designed with care, craftsmanship and the belief that beautiful jewellery should tell a personal story.","Every morning begins with sketching new ideas, selecting gemstones and carefully crafting each piece by hand. Some days are spent meeting couples to discuss their vision, while others are dedicated to polishing finished rings and preparing them for one of the most important days of someone's life.","As a new jewellery business, we need branding that reflects the quality, trust and craftsmanship behind every ring we create. I want our website to help couples feel confident that they're choosing something meaningful which they'll treasure for a lifetime.","I hope Everlasting becomes a name associated with love, commitment and jewellery that tells a story across generations.","jewellery, engagement, wedding, romance, timeless, elegance, luxury, craftsmanship, love, commitment",rings.jpg,f15.jpg
30,French Toast,Café,Café specializing in breakfasts,Claire Dubois,F,"Sydney, Australia","French Toast is a startup café specialising in breakfast favourites, artisan coffee, freshly baked pastries and relaxed weekend brunches. Our menu is inspired by the simple pleasure of starting the day with quality food shared among family and friends in a warm and welcoming environment.","Some of my happiest memories were spent enjoying slow breakfasts with my family, where good food and conversation were just as important as the meal itself. I wanted to create a café that encourages people to slow down, enjoy the morning and appreciate the simple moments that often become the most memorable.","Every morning starts before sunrise as fresh pastries are baked, coffee beans are ground and breakfast ingredients are prepared for the day ahead. Soon after opening, the café fills with the aroma of fresh coffee and conversations as customers gather for breakfast meetings, family catch-ups or a quiet moment before beginning their day.","As we prepare to welcome our first customers, we need branding that reflects the warmth, comfort and friendly atmosphere we're creating. I want our website to encourage people to start their mornings with us and make French Toast part of their daily routine.","I hope French Toast becomes the neighbourhood café people look forward to visiting whenever they want to begin the day with great food, coffee and good company.","breakfast, café, coffee, pastries, mornings, comfort, warmth, French, community, welcoming",cafe.jpg,f16.jpg
31,Fido Pet,Pet Supplies,Pet supplies shop,Olivia Carter,F,"Sydney, Australia","Fido Pet is a startup pet supplies store offering quality food, toys, bedding, grooming products and accessories for dogs, cats and small animals. Every product is carefully selected to help pet owners provide the very best care for their companions while making everyday life with pets easier and more enjoyable.","Ever since I adopted my first rescue dog, Fido, I realised how difficult it was to find a single store that offered reliable products and honest advice. Over the years, my passion for animals grew, and I decided to create a pet store where people could shop with confidence, knowing every product had been chosen with their pets' wellbeing in mind.","Every morning begins with unpacking deliveries, organising shelves and checking that our products are ready for customers. Throughout the day I spend time helping pet owners choose suitable products, learning about their animals and listening to their experiences. Every conversation reminds me why I started this business in the first place.","As we're preparing to launch, we need a memorable brand identity that reflects the care, trust and happiness behind our business. I want our website to make customers feel welcome while showing that we genuinely care about every pet and every owner who visits us.",I hope Fido Pet becomes the trusted pet store that local families recommend whenever someone welcomes a new furry friend into their home.,"pets, dogs, cats, companionship, family, caring, trust, playful, happiness, loyalty",pet shop.jpg,f17.jpg
32,Crystals for Life,Health & Wellness,Healing crystals,Mia Thompson,F,"Sydney, Australia","Crystals for Life is a startup business specialising in natural healing crystals, gemstones and crystal-inspired gifts. Our collection celebrates the beauty of nature while encouraging customers to create peaceful spaces that support mindfulness, relaxation and personal wellbeing.","My interest in crystals began during a difficult period in my life when I was searching for ways to slow down and reconnect with myself. Collecting crystals became a calming hobby, and over time I learnt about the stories, traditions and symbolism behind different stones. I wanted to share that experience by creating a welcoming place where people could begin their own journey.","My mornings are spent carefully arranging new crystal collections, photographing products and preparing online orders. Throughout the day I enjoy helping customers learn about different stones and finding pieces that speak to them personally. Every crystal is unique, and I love sharing that sense of discovery with others.","As a new business, we need branding that reflects the peaceful and thoughtful experience we want customers to have. I want our website to encourage visitors to slow down, explore our collection and discover products that feel meaningful to them.","I hope Crystals for Life becomes a place where people find beauty, inspiration and a sense of calm through nature's creations.","crystals, gemstones, nature, mindfulness, spirituality, peaceful, harmony, wellness, balance, natural beauty",crystals shop.jpg,f18.jpg
33,Emperor's Gardens,Home & Garden,Bonsai trees & supplies,Benjamin Clarke,M,"Sydney, Australia","Emperor's Gardens is a startup business specialising in bonsai trees, tools, pots and supplies for people interested in the art of bonsai. We believe growing bonsai is more than gardening—it's about patience, creativity and appreciating the beauty of nature over time.","I first discovered bonsai while travelling through Japan, where I was fascinated by the incredible care and dedication behind every tree. When I returned home, I spent years learning the craft and eventually realised I wanted to introduce more people to this rewarding hobby. Emperor's Gardens was created to help beginners and experienced growers enjoy bonsai with confidence.","Every day begins by watering and caring for our bonsai collection before preparing customer orders and maintaining the health of every tree. Much of my time is also spent teaching customers about pruning, shaping and caring for their bonsai, because watching someone grow their first tree is incredibly rewarding.","As we're preparing to launch, we need branding that reflects the patience, elegance and artistry behind bonsai. I want our website to inspire people to begin their own bonsai journey while making the hobby feel welcoming rather than intimidating.","I hope Emperor's Gardens becomes the place people think of whenever they want to learn, grow and appreciate the timeless art of bonsai.","bonsai, Japan, nature, patience, craftsmanship, balance, harmony, gardening, elegance, growth",bonsai trees.jpg,m15.jpg
34,Roses of May,Florist,Rose specialist florist,Amelia Wright,F,"Sydney, Australia","The Roses of May is a startup florist dedicated entirely to roses, offering fresh bouquets, preserved arrangements and rose-inspired gifts for every occasion. We specialise in showcasing the incredible variety and beauty of one of the world's most loved flowers.","My grandmother grew roses in her garden, and every spring our backyard was filled with colour and fragrance. Those memories stayed with me throughout my life, and I eventually decided to create a florist focused entirely on roses. I believe every variety has its own personality and story to tell, making each arrangement feel truly special.","Each morning begins at the flower market selecting the freshest roses before arranging bouquets by hand. Throughout the day I help customers choose flowers for celebrations, anniversaries and thoughtful gifts, while also caring for delicate blooms to ensure every arrangement looks its very best.","As a new florist, we need branding that captures the elegance, beauty and emotion that roses represent. I want our website to inspire customers and make it easy for them to find the perfect arrangement for every occasion.",I hope The Roses of May becomes a florist that people remember for creating beautiful moments through the timeless beauty of roses.,"roses, flowers, romance, elegance, beauty, nature, celebration, gifts, fragrance, timeless",florist shop.jpg,f19.jpg
35,Enthralled,Gaming,Video game retailer,Liam Harris,M,"Sydney, Australia","Enthralled is a startup gaming retailer offering the latest video games, gaming accessories, collectibles and merchandise for players of all ages. We want to create a community where gaming enthusiasts can discover new adventures, connect with others and celebrate their favourite games.","I've loved video games ever since receiving my first console as a child. Over the years gaming became more than entertainment—it became a way to meet people, solve problems and experience incredible stories. I wanted to create a store where other gamers could share that same excitement while discovering new games and collectibles.","Every morning starts by updating new releases, organising displays and preparing online orders. Throughout the day customers visit to discuss upcoming games, recommend hidden favourites and browse collectibles inspired by the worlds they love. Every conversation reminds me how passionate the gaming community can be.","As we're launching our first store, we need branding that reflects the excitement, creativity and sense of adventure that gaming brings. I want our website to encourage visitors to explore our collection and feel like they've entered a world built by gamers for gamers.",I hope Enthralled becomes the first place gamers visit whenever they're ready to discover their next adventure.,"gaming, adventure, entertainment, community, collectibles, technology, imagination, excitement, digital, exploration",game shop.jpg,m16.jpg
36,Forever,Jewellery,Wedding & engagement rings,Charlotte Mitchell,F,"Sydney, Australia","Forever is a startup jewellery boutique specialising in handcrafted engagement rings, wedding bands and personalised jewellery designed to celebrate life's most meaningful moments. Every piece is created with exceptional attention to detail, combining quality craftsmanship with timeless design to help couples mark the beginning of their journey together.","Ever since I was young, I was fascinated by how a single piece of jewellery could hold so much meaning. While learning jewellery making, I realised every engagement ring represented a unique story, and I wanted to create pieces that people would treasure for generations. That passion inspired me to establish Forever as a business built around love, commitment and craftsmanship.","Every morning begins by sketching new designs, selecting gemstones and carefully crafting each piece by hand. I regularly meet couples to learn about their stories and create jewellery that reflects their personalities. Every completed ring reminds me that my work becomes part of someone's happiest memories.","As a startup business, we're preparing to introduce our collection but need a brand identity that reflects the trust, quality and emotion behind every piece we create. Our website should help customers feel confident that they're choosing jewellery designed to last a lifetime.","I hope Forever becomes a jewellery brand that people associate with love, commitment and memories that last forever.","jewellery, love, commitment, romance, luxury, elegance, timeless, craftsmanship, wedding, celebration",rings.jpg,f20.jpg
37,Aussie Tucker,Restaurant,Australian cuisine restaurant,Joshua Walker,M,"Sydney, Australia","Aussie Tucker is a startup restaurant celebrating the unique flavours of Australian cuisine. Our menu combines fresh local ingredients with classic Australian favourites, creating meals that showcase the diversity of our country's food culture in a relaxed and welcoming environment.","Growing up travelling around Australia with my family introduced me to incredible regional food and local produce. Every town had its own special dishes and ingredients, and I wanted to bring those experiences together in one restaurant. Aussie Tucker is my way of celebrating Australian food while supporting local producers.","Every morning begins by preparing fresh ingredients sourced from nearby suppliers before planning seasonal specials based on what's available. Throughout the day our kitchen serves families, tourists and locals who want to experience authentic Australian flavours in a comfortable setting. Every meal celebrates the ingredients that make Australian cuisine unique.","As we're preparing to open, we need branding that reflects Australia's natural beauty, relaxed lifestyle and diverse food culture. Our website should encourage visitors to discover our menu and experience something uniquely Australian.",I hope Aussie Tucker becomes a restaurant that both locals and visitors recommend when they want to experience authentic Australian food.,"Australia, local produce, native ingredients, outback, relaxed, fresh, hospitality, community, nature, tradition",restaurant.jpg,m17.jpg
38,Kwick Pasta,Restaurant,Pasta house,Emily Turner,F,"Sydney, Australia","Kwick Pasta is a startup restaurant specialising in freshly made pasta served quickly without compromising on quality or flavour. We offer a variety of traditional and modern pasta dishes prepared using fresh ingredients, making authentic Italian-inspired meals convenient for busy lifestyles.","During my travels through Italy, I admired how fresh pasta could be both simple and incredibly satisfying. When I returned home, I noticed there weren't many places offering quality pasta without long waiting times. I decided to create Kwick Pasta to bring together authentic recipes with fast, friendly service.","Every morning starts with making fresh pasta dough before preparing sauces, vegetables and ingredients for the day's menu. Throughout the day customers enjoy quick lunches, family dinners and takeaway meals prepared fresh to order. Watching people enjoy homemade pasta, even during a busy day, is what makes this business worthwhile.","As a startup, we need branding that communicates freshness, speed and authentic flavour. Our website should make customers excited to visit while making it easy to explore the menu and order their favourite meals.",I hope Kwick Pasta becomes the restaurant people choose whenever they want fresh pasta served quickly without sacrificing quality.,"pasta, Italy, fresh, homemade, quick, authentic, comfort food, family, tradition, flavour",restaurant.jpg,f1.jpg
39,Lentils & Spice,Grocery,Herbs & spices retailer,Noah Richardson,M,"Sydney, Australia","Lentils & Spice is a startup specialty store offering herbs, spices, grains and cooking ingredients from around the world. We carefully source quality products that help home cooks discover new flavours while inspiring confidence and creativity in the kitchen.","My love of cooking began in my parents' kitchen, where every meal was filled with the aroma of herbs and spices from different cultures. Over the years I realised many people wanted to cook more adventurous meals but didn't know where to begin. I created Lentils & Spice to make discovering new flavours simple and enjoyable.","Every morning begins by checking fresh stock, filling spice jars and preparing ingredient displays that highlight different cuisines. Throughout the day I enjoy recommending flavour combinations, sharing cooking tips and helping customers discover ingredients they've never tried before. Every conversation is an opportunity to inspire someone to cook something new.","As we're preparing to launch, we need branding that reflects the richness, diversity and excitement of cooking with herbs and spices. Our website should encourage customers to explore our products and discover flavours from around the world.",I hope Lentils & Spice becomes the first place people visit whenever they're looking for inspiration in the kitchen.,"herbs, spices, cooking, flavour, culture, ingredients, exploration, diversity, natural, creativity",grocery.jpg,m18.jpg
40,Down Hill Skis,Sports & Outdoors,Ski hire & gear,Sophie Cooper,F,"Sydney, Australia","Down Hill Skis is a startup ski hire and equipment store providing skis, snowboards, boots, helmets and winter gear for visitors heading to the mountains. We focus on making winter sports easy and accessible by offering quality equipment for beginners and experienced skiers alike.","My first skiing holiday completely changed the way I saw winter, but I also remember how confusing it was trying to choose the right equipment. After years working in the ski industry, I wanted to create a business that makes hiring gear simple, friendly and stress-free so more people can enjoy the mountains with confidence.","Every morning begins by preparing and maintaining equipment before customers arrive to collect their gear. Throughout the day we fit boots, adjust skis and help visitors choose equipment that suits their experience level. Seeing excited families and first-time skiers heading to the slopes is always the highlight of the day.","As we're launching our business, we need branding that communicates adventure, safety and confidence. Our website should make it easy for customers to hire equipment online while building excitement for their next trip to the snow.",I hope Down Hill Skis becomes the first choice for anyone planning an unforgettable day on the slopes.,"skiing, snow, mountains, winter, adventure, alpine, outdoors, performance, safety, exploration",ski shop.jpg,f2.jpg
41,Mr Stew Dent,Books & Education,School textbooks,Matthew Stewart,M,"Sydney, Australia","Mr Stew Dent is a startup educational bookstore specialising in school textbooks, study guides, revision materials and learning resources for students of all ages. We aim to make quality educational resources easy to find while helping students feel confident and prepared throughout their learning journey.","As a teacher, I often saw students struggling simply because they couldn't find the right learning resources. I wanted to create a bookstore that made studying less stressful by offering carefully selected textbooks and helpful advice. My goal is to support students, parents and teachers by making learning resources more accessible and easier to choose.","Every morning begins by organising new textbook deliveries, updating inventory and preparing online orders before schools begin. Throughout the day I help students, parents and teachers find the right books while recommending study guides and revision materials that match different learning needs. Helping students succeed is what motivates me every day.","As we're preparing to launch, we need branding that reflects knowledge, trust and the excitement of learning. Our website should make it easy for students and parents to find the resources they need while creating a welcoming environment for learners of all ages.",I hope Mr Stew Dent becomes the first place students and schools think of whenever they need reliable learning resources.,"education, books, learning, school, knowledge, study, students, trust, achievement, growth",book shop.jpg,m19.jpg
42,Classy Bags,Fashion,Women's handbags,Ava Robinson,F,"Sydney, Australia","Classy Bags is a startup fashion boutique specialising in stylish handbags and everyday accessories for women. Our collection combines elegant design with practical features, offering bags that suit work, travel, shopping and special occasions without compromising on quality or comfort.","I've always believed that a handbag should be more than something that carries belongings—it should help people feel organised and confident wherever they go. After years working in fashion retail, I decided to create my own collection that balances timeless style with everyday practicality.","Every day begins with reviewing new handbag designs, checking product quality and preparing customer orders. I spend time photographing new arrivals, creating outfit combinations and speaking with customers about the features they value most. Every new collection is designed to fit into everyday life while adding a touch of style.","As a new fashion brand, we need a visual identity that reflects elegance, quality and confidence. I want our website to showcase our collection beautifully while helping customers imagine using our bags in their own daily lives.",I hope Classy Bags becomes a brand that women trust whenever they're looking for handbags that are both stylish and practical.,"handbags, fashion, elegance, confidence, style, luxury, accessories, modern, sophistication, everyday",handbag.jpg,f3.jpg
43,Shoooo,Footwear,Premium footwear,Jack Phillips,M,"Sydney, Australia","Shoooo is a startup footwear brand creating premium shoes that combine modern design, quality craftsmanship and all-day comfort. From casual sneakers to smart everyday footwear, our goal is to help people move confidently through every part of their day.","Finding shoes that were both comfortable and stylish always seemed harder than it should have been. After years of working with footwear manufacturers, I decided to develop my own range using quality materials and thoughtful design. Shoooo was created for people who don't want to choose between comfort and appearance.","Every morning begins by inspecting new products, testing materials and working with designers to refine future collections. Throughout the day I review customer feedback, prepare online orders and explore new ideas that improve both comfort and style. Every pair is designed with everyday life in mind.","As we're preparing to launch our first collection, we need branding that reflects movement, quality and contemporary design. I want our website to inspire confidence while showing customers that premium footwear can also be practical for everyday use.","I hope Shoooo becomes a recognised footwear brand known for combining comfort, quality and timeless style.","footwear, comfort, movement, fashion, confidence, premium, quality, lifestyle, modern, craftsmanship",premium footwear.jpg,m20.jpg
44,Hammer House,Hardware,Tools & hardware,Nathan Hughes,M,"Sydney, Australia","Hammer House is a startup hardware store supplying quality tools, building equipment and home improvement products for tradespeople, DIY enthusiasts and homeowners. We believe the right tools help people build, repair and create with confidence.","My father taught me how to use tools from a young age, and together we spent weekends building furniture and fixing things around the house. Those experiences taught me the value of quality workmanship and reliable equipment. Opening Hammer House is my way of helping others enjoy building projects with tools they can depend on.","Every morning begins by organising new stock, checking equipment and preparing customer orders. Throughout the day I help customers choose the right tools for different projects, offering advice and practical tips based on my own experience. Whether it's a professional builder or someone tackling their first DIY project, I enjoy helping people find the right solution.","As a startup, we need branding that reflects reliability, strength and practical expertise. I want our website to make customers feel confident that they're buying tools designed to help them complete every project successfully.",I hope Hammer House becomes the trusted hardware store people rely on whenever they begin their next building or home improvement project.,"tools, hardware, construction, DIY, strength, reliability, craftsmanship, building, workshop, practical",tools.jpg,m1.jpg
45,MapKing,Books & Maps,Maps & atlases,Hannah Price,F,"Sydney, Australia","MapKing is a startup retailer specialising in maps, atlases, travel guides and navigation resources for travellers, students, outdoor enthusiasts and collectors. We celebrate the joy of discovering new places while encouraging curiosity about the world around us.","Ever since I was a child, I loved unfolding maps and imagining the places they could take me. Even in today's digital world, I still believe there's something special about holding a map and planning a journey by hand. I wanted to create a business that inspires exploration and helps people discover the world one destination at a time.","My mornings are spent organising new publications, preparing online orders and researching interesting destinations to feature in our collection. Throughout the day I help travellers, hikers and students choose maps suited to their adventures while sharing stories about places worth exploring. Every map represents the beginning of a new journey.","As we're launching our business, we need branding that reflects curiosity, exploration and discovery. I want our website to encourage visitors to dream about their next adventure while making it easy to find the resources they'll need along the way.",I hope MapKing becomes the first place people visit whenever they're planning their next journey or exploring somewhere new.,"maps, travel, exploration, discovery, navigation, adventure, geography, journeys, curiosity, world",book shop.jpg,f4.jpg
46,I Nailed It,Beauty,Nail care products,Zoe Kelly,F,"Sydney, Australia","I Nailed It is a startup beauty brand specialising in nail care products, nail polish, manicure tools and accessories for people who enjoy expressing their creativity through beautiful nails. Our products are designed to make professional-looking nail care easy to achieve at home while encouraging confidence and self-expression.","I've always loved experimenting with nail art, but I often found that many products were either poor quality or too expensive for everyday use. After years of learning new techniques and helping friends with their nails, I decided to create a brand that makes quality nail care accessible to everyone.","Every morning begins with testing new colours, reviewing product samples and preparing customer orders. Throughout the day I work with suppliers, create nail design ideas and photograph products for our online store. I also enjoy sharing simple nail care tips to help customers achieve great results at home.","As we're preparing to launch, we need branding that reflects creativity, confidence and modern beauty. I want our website to inspire customers to experiment with new colours and styles while making shopping enjoyable and easy.","I hope I Nailed It becomes a beauty brand that inspires confidence, creativity and self-expression through every manicure.","beauty, nail care, creativity, fashion, colour, confidence, self-expression, modern, style, cosmetics",nail care.jpg,f5.jpg
47,Picasso Art,Arts & Crafts,Art supplies store,Samuel Peterson,M,"Sydney, Australia","Picasso Art is a startup art supply store providing paints, brushes, sketchbooks, canvases and creative materials for artists, students and hobbyists. We believe creativity should be accessible to everyone, whether they're creating their very first drawing or completing a professional masterpiece.","Drawing and painting have always been my favourite ways to express ideas. As I spent more time creating art, I realised how important good-quality materials are to the creative process. I wanted to open a store where artists of every skill level could find inspiration, advice and the tools they need to bring their ideas to life.","Each morning begins by unpacking new supplies, organising displays and preparing online orders. Throughout the day I enjoy helping customers choose materials, discussing creative projects and discovering the incredible artwork they create using our products. Every visit to the store reminds me that creativity exists in everyone.","As a new business, we need branding that reflects imagination, creativity and artistic expression. I want our website to inspire visitors to start their next project while making it easy to discover products suited to every artistic journey.",I hope Picasso Art becomes a place where creativity begins and every artist feels inspired to create something amazing.,"art, creativity, imagination, colour, painting, drawing, inspiration, expression, design, artists",art tools.jpg,m2.jpg
48,Rapunzel's,Beauty,Hair care products & styling tools,Ashley Bell,F,"Sydney, Australia","Rapunzel's is a startup beauty brand specialising in hair care products, styling tools and accessories designed to help people care for and express their personal style. Our collection combines quality ingredients with practical tools that make everyday hair care simple and enjoyable.","Ever since I was young, I've loved experimenting with different hairstyles and learning how the right products could completely transform someone's confidence. After working in the beauty industry for several years, I decided to create a brand that offers professional-quality products while making hair care approachable for everyone.","Most mornings begin by reviewing product samples, testing new formulas and preparing customer orders. Throughout the day I create styling demonstrations, photograph products and speak with customers about their hair care routines. Every conversation helps me better understand how our products can make everyday styling easier.","As we prepare to launch our business, we need branding that reflects confidence, beauty and self-care. I want our website to inspire customers to explore new styles while helping them find products that suit their individual needs.","I hope Rapunzel's becomes a trusted beauty brand that encourages people to feel confident and express themselves through healthy, beautiful hair.","hair, beauty, confidence, self-care, styling, elegance, fashion, creativity, wellness, cosmetics",hair care.jpg,f6.jpg
49,Ashley Bell,Fashion,Women's designer fashion,Lily Anderson,F,"Sydney, Australia","Ashley Bell is a startup fashion label creating contemporary designer clothing for women who appreciate quality craftsmanship and timeless style. Every collection is thoughtfully designed to combine elegance, comfort and versatility, making each piece suitable for both everyday wear and special occasions.","Fashion has always been my creative outlet, and designing clothing became a dream long before it became a business. After studying fashion design and working with several established brands, I decided it was time to create my own label where I could focus on quality over fast-changing trends.","Every day begins with sketching new ideas, reviewing fabric samples and refining upcoming collections. Afternoons are often spent fitting garments, photographing new designs and preparing online orders. Every collection reflects countless hours of planning, creativity and attention to detail.","As a new fashion label, we need branding that reflects sophistication, confidence and modern elegance. I want our website to showcase our collections beautifully while helping customers understand the story and craftsmanship behind every design.","I hope Ashley Bell becomes a respected fashion label known for timeless design, exceptional quality and helping women feel confident every day.","fashion, elegance, luxury, confidence, sophistication, designer, style, craftsmanship, modern, timeless",fashion shop.jpg,f7.jpg
50,Sleeping Beauty,Home & Living,Bedding & linens,Jessica Murphy,F,"Sydney, Australia","Sleeping Beauty is a startup homewares brand specialising in premium bedding, quilts, pillows and bed linen designed to help people create comfortable, relaxing bedrooms. Our products combine quality materials with thoughtful design to make every night's sleep feel more restful and enjoyable.","I've always believed that a good night's sleep can completely change the way someone feels. After struggling to find bedding that was both comfortable and beautifully designed, I decided to create my own collection. Sleeping Beauty was inspired by the idea that everyone deserves a bedroom that feels peaceful, welcoming and comfortable.","Every morning begins by reviewing fabric samples, checking product quality and preparing customer orders. Throughout the day I work with manufacturers, photograph new collections and help customers choose bedding that suits their homes and personal preferences. Every product is selected with comfort and quality in mind.","As we're preparing to launch, we need branding that reflects comfort, relaxation and quality. I want our website to create a calm and welcoming experience while helping customers imagine transforming their bedrooms into peaceful places to unwind.","I hope Sleeping Beauty becomes a trusted homewares brand that people associate with comfort, quality and better sleep.","comfort, sleep, home, relaxation, bedding, softness, peaceful, quality, warmth, lifestyle",bedding shop.jpg,f8.jpg
51,Dreamland,Entertainment,Live circus entertainment,Ryan Scott,M,"Sydney, Australia","Dreamland is a startup live entertainment company bringing the excitement of a traditional circus to modern audiences through breathtaking performances, talented entertainers and unforgettable family experiences. Alongside our live shows, we also offer themed merchandise, souvenirs and refreshments to help visitors take a piece of the magic home with them.","As a child, my parents took me to the circus every year, and I was captivated by the performers, colourful costumes and the sense of wonder that filled the big top. Those memories stayed with me long after the shows ended. I wanted to create a modern circus that brings that same excitement to a new generation while celebrating imagination, laughter and family entertainment.","Every day begins with rehearsals, caring for equipment, preparing costumes and making sure every performance is ready before the audience arrives. As families fill the venue, performers warm up backstage while music and excitement begin to build. Every show is an opportunity to create memories that children and adults will remember long after they leave.","As we're launching our circus, we need branding that captures the excitement, imagination and magic of the experience we want to create. Our website should encourage families to book tickets, explore upcoming performances and feel the excitement before they even arrive.",I hope Dreamland becomes a place where families create unforgettable memories and experience the wonder of live entertainment together.,"circus, magic, entertainment, performance, imagination, family, excitement, colourful, wonder, celebration",circus.jpg,m3.jpg
52,Consumption,Restaurant,Fine French dining,Victoria James,F,"Sydney, Australia","Consumption is a startup fine dining restaurant inspired by the elegance and culinary traditions of France. Our menu features carefully prepared seasonal dishes using premium ingredients, offering guests a sophisticated dining experience where exceptional food, attentive service and beautiful presentation come together.","My passion for French cuisine began while studying and travelling through France, where I learnt that every meal is treated as an experience rather than simply something to eat. I wanted to bring that philosophy home by creating a restaurant where guests could slow down, appreciate beautifully prepared food and celebrate life's special occasions.","Every morning begins with selecting fresh seasonal ingredients before carefully preparing sauces, pastries and signature dishes. Throughout the day our team refines every detail, from table settings to food presentation, ensuring each guest enjoys an exceptional dining experience from the moment they arrive until the moment they leave.","As we're preparing to open, we need branding that reflects elegance, quality and attention to detail. Our website should introduce guests to our dining philosophy while creating anticipation for a memorable culinary experience.","I hope Consumption becomes one of the region's most respected dining destinations, known for exceptional food, hospitality and unforgettable experiences.","French cuisine, elegance, luxury, fine dining, sophistication, gourmet, premium, hospitality, tradition, culinary art",restaurant.jpg,f9.jpg
53,Adam's Apples,Grocery,Fresh farm produce,Adam Collins,M,"Sydney, Australia","Adam's Apples is a startup produce market specialising in fresh fruit, vegetables and locally grown farm products. We work closely with nearby growers to provide seasonal produce that celebrates freshness, quality and the connection between farms and local communities.",Growing up on my family's orchard taught me to appreciate the hard work behind every piece of fruit. I always believed people deserved access to produce that was picked fresh and supported local farmers. Starting Adam's Apples allows me to share that passion while helping customers enjoy healthier food every day.,"Every morning starts before sunrise as fresh deliveries arrive directly from local farms. The day's produce is carefully arranged before customers begin visiting for their weekly shopping. I spend much of my day talking with growers and customers, sharing information about seasonal produce and offering ideas for enjoying fresh ingredients at home.","As we're preparing to open, we need branding that reflects freshness, honesty and our close connection with local farming communities. Our website should encourage people to shop locally while helping them appreciate where their food comes from.",I hope Adam's Apples becomes the market people trust whenever they want fresh produce grown with care by local farmers.,"farm, orchard, fresh produce, local, healthy, seasonal, nature, community, sustainability, freshness",fruit shop.jpg,m4.jpg
54,WildLife,Attractions,Australian wildlife zoo,David Wilson,M,"Sydney, Australia","WildLife is a startup wildlife park giving visitors the opportunity to experience Australia's unique native animals while learning about conservation and the natural environment. Alongside animal experiences, we offer educational programs, gifts and souvenirs that help visitors remember their day while supporting wildlife education.","I've always been fascinated by Australia's incredible wildlife and wanted more people to appreciate the animals that make our country unique. After volunteering with several wildlife organisations, I realised education is one of the best ways to inspire conservation. WildLife was created to help families experience native animals up close while learning how to protect them for future generations.","Every morning begins with caring for the animals, preparing habitats and making sure every enclosure is ready before visitors arrive. Throughout the day our team runs educational talks, animal encounters and interactive experiences while helping guests learn more about Australia's diverse wildlife. Every day is different because every animal has its own personality.","As we're preparing to welcome our first visitors, we need branding that reflects Australia's natural beauty, wildlife and our commitment to conservation. Our website should inspire families to visit while encouraging a greater appreciation for the environment.",I hope WildLife becomes a place where people leave with unforgettable memories and a stronger desire to protect Australia's unique wildlife.,"Australia, wildlife, nature, conservation, animals, adventure, education, outdoors, environment, discovery",zoo.jpg,m5.jpg
55,99 Red Balloons,Party Supplies,Party balloons & supplies,Rebecca Foster,F,"Sydney, Australia","99 Red Balloons is a startup party store specialising in balloons, decorations and celebration supplies for birthdays, weddings, baby showers and special events. We believe every celebration deserves colourful decorations that help create joyful memories and bring people together.","I've always loved planning parties because I enjoy seeing how decorations can completely transform a space and make people smile. After helping organise countless celebrations for friends and family, I decided to turn that passion into a business dedicated to making every occasion feel extra special.","Every morning begins by preparing balloon arrangements, organising party supplies and creating custom decorations for upcoming events. Throughout the day I work closely with customers to understand their celebrations and recommend decorations that match their ideas. Every order is different, making each day full of colour and creativity.","As we're launching our business, we need branding that captures the fun, excitement and happiness behind every celebration. Our website should inspire customers with party ideas while making it easy to plan memorable events for family and friends.",I hope 99 Red Balloons becomes the first place people think of whenever they're planning a celebration worth remembering.,"celebration, balloons, parties, colourful, happiness, fun, family, events, creativity, joy",party shop.jpg,f10.jpg